Listings Table,
listing_id,Unique listing ID number
host_id,Unique host ID number
occupancy,Number of days in the last 90 that the property was booked
price,Average price in ($) for each night
number_of_reviews,Number of reviews since the property was listed
rating,Average rating from all reviews (out of 5 stars)
accommodates,Maximum number of people that can stay at the property
minimum_nights,Minimum number of nights for each booking
bedrooms,Number of bedrooms in the property
bathrooms,Number of bathrooms in the property
beds,Number of beds in the property
host_is_superhost,1 if the host is a super host; 0 if not
pro_host,1 if the host is a professional property manager; 0 if not
entire_home,1 if the rental includes the entire home; 0 if not
instant_bookable,1 if the property is instantly bookable; 0 if not
,
Reviews Table,
listing_id,Unique listing ID number
comments,All of the reviews concatenated into 1 field
